Back to Contents,Data 1: U.S. Gasoline and Diesel Retail Prices,,,,,,,,,,,,,,,
Sourcekey,EMM_EPM0_PTE_NUS_DPG,EMM_EPM0U_PTE_NUS_DPG,EMM_EPM0R_PTE_NUS_DPG,EMM_EPMR_PTE_NUS_DPG,EMM_EPMRU_PTE_NUS_DPG,EMM_EPMRR_PTE_NUS_DPG,EMM_EPMM_PTE_NUS_DPG,EMM_EPMMU_PTE_NUS_DPG,EMM_EPMMR_PTE_NUS_DPG,EMM_EPMP_PTE_NUS_DPG,EMM_EPMPU_PTE_NUS_DPG,EMM_EPMPR_PTE_NUS_DPG,EMD_EPD2D_PTE_NUS_DPG,EMD_EPD2DXL0_PTE_NUS_DPG,EMD_EPD2DM10_PTE_NUS_DPG,
Date,U.S. All Grades All Formulations Retail Gasoline Prices (Dollars per Gallon),U.S. All Grades Conventional Retail Gasoline Prices (Dollars per Gallon),U.S. All Grades Reformulated Retail Gasoline Prices (Dollars per Gallon),U.S. Regular All Formulations Retail Gasoline Prices (Dollars per Gallon),U.S. Regular Conventional Retail Gasoline Prices (Dollars per Gallon),U.S. Regular Reformulated Retail Gasoline Prices (Dollars per Gallon),U.S. Midgrade All Formulations Retail Gasoline Prices (Dollars per Gallon),U.S. Midgrade Conventional Retail Gasoline Prices (Dollars per Gallon),U.S. Midgrade Reformulated Retail Gasoline Prices (Dollars per Gallon),U.S. Premium All Formulations Retail Gasoline Prices (Dollars per Gallon),U.S. Premium Conventional Retail Gasoline Prices (Dollars per Gallon),U.S. Premium Reformulated Retail Gasoline Prices (Dollars per Gallon),U.S. No 2 Diesel Retail Prices (Dollars per Gallon),U.S. No 2 Diesel Ultra Low Sulfur (0-15 ppm) Retail Prices (Dollars per Gallon),U.S. No 2 Diesel Low Sulfur (15-500 ppm) Retail Prices (Dollars per Gallon),
Aug-1990,,,,,,,,,,,,,,,,
Sep-1990,,,,1.258,1.258,,,,,,,,,,,
Oct-1990,,,,1.335,1.335,,,,,,,,,,,
Nov-1990,,,,1.324,1.324,,,,,,,,,,,
Dec-1990,,,,,,,,,,,,,,,,
Jan-1991,,,,,,,,,,,,,,,,
Feb-1991,,,,1.094,1.094,,,,,,,,,,,
Mar-1991,,,,1.04,1.04,,,,,,,,,,,
Apr-1991,,,,1.076,1.076,,,,,,,,,,,
May-1991,,,,1.126,1.126,,,,,,,,,,,
Jun-1991,,,,1.128,1.128,,,,,,,,,,,
Jul-1991,,,,1.096,1.096,,,,,,,,,,,
Aug-1991,,,,1.115,1.115,,,,,,,,,,,
Sep-1991,,,,1.109,1.109,,,,,,,,,,,
Oct-1991,,,,1.088,1.088,,,,,,,,,,,
Nov-1991,,,,1.099,1.099,,,,,,,,,,,
Dec-1991,,,,1.076,1.076,,,,,,,,,,,
Jan-1992,,,,1.022,1.022,,,,,,,,,,,
Feb-1992,,,,1.006,1.006,,,,,,,,,,,
Mar-1992,,,,1.013,1.013,,,,,,,,,,,
Apr-1992,,,,1.052,1.052,,,,,,,,,,,
May-1992,,,,1.107,1.107,,,,,,,,,,,
Jun-1992,,,,1.145,1.145,,,,,,,,,,,
Jul-1992,,,,1.137,1.137,,,,,,,,,,,
Aug-1992,,,,1.122,1.122,,,,,,,,,,,
Sep-1992,,,,1.122,1.122,,,,,,,,,,,
Oct-1992,,,,1.114,1.114,,,,,,,,,,,
Nov-1992,,,,1.111,1.111,,,,,,,,,,,
Dec-1992,,,,1.078,1.078,,,,,,,,,,,
Jan-1993,,,,1.062,1.062,,,,,,,,,,,
Feb-1993,,,,1.054,1.054,,,,,,,,,,,
Mar-1993,,,,1.052,1.052,,,,,,,,,,,
Apr-1993,1.078,,,1.078,1.078,,,,,,,,,,,
May-1993,1.1,,,1.1,1.1,,,,,,,,,,,
Jun-1993,1.097,,,1.097,1.097,,,,,,,,,,,
Jul-1993,1.078,,,1.078,1.078,,,,,,,,,,,
Aug-1993,1.062,,,1.062,1.062,,,,,,,,,,,
Sep-1993,1.05,,,1.05,1.05,,,,,,,,,,,
Oct-1993,1.092,,,1.092,1.092,,,,,,,,,,,
Nov-1993,1.066,,,1.066,1.066,,,,,,,,,,,
Dec-1993,1.014,,,1.014,1.014,,,,,,,,,,,
Jan-1994,0.998,,,0.998,0.998,,,,,,,,,,,
Feb-1994,1.009,,,1.009,1.009,,,,,,,,,,,
Mar-1994,1.008,,,1.008,1.008,,,,,,,,,,,
Apr-1994,1.027,,,1.027,1.027,,,,,,,,1.107,,,
May-1994,1.047,,,1.047,1.047,,,,,,,,1.1,,,
Jun-1994,1.078,,,1.078,1.078,,,,,,,,1.103,,,
Jul-1994,1.106,,,1.106,1.106,,,,,,,,1.11,,,
Aug-1994,1.155,,,1.155,1.155,,,,,,,,1.123,,,
Sep-1994,1.144,,,1.144,1.144,,,,,,,,1.125,,,
Oct-1994,1.114,,,1.114,1.114,,,,,,,,1.122,,,
Nov-1994,1.119,,,1.116,1.11,,,,,,,,1.131,,,
Dec-1994,1.129,1.112,1.229,1.091,1.06,1.167,1.184,1.152,1.267,1.285,1.24,1.363,1.113,,,
Jan-1995,1.13,1.107,1.228,1.082,1.066,1.166,1.174,1.161,1.297,1.275,1.253,1.381,1.098,,,
Feb-1995,1.12,1.099,1.215,1.073,1.058,1.156,1.165,1.153,1.282,1.265,1.245,1.365,1.088,,,
Mar-1995,1.119,1.099,1.203,1.072,1.059,1.142,1.161,1.152,1.269,1.258,1.24,1.353,1.088,,,
Apr-1995,1.157,1.143,1.213,1.111,1.104,1.156,1.199,1.195,1.277,1.295,1.283,1.361,1.104,,,
May-1995,1.225,1.213,1.27,1.178,1.172,1.216,1.268,1.266,1.332,1.364,1.357,1.416,1.126,,,
Jun-1995,1.239,1.226,1.285,1.192,1.186,1.234,1.283,1.28,1.346,1.379,1.372,1.432,1.12,,,
Jul-1995,1.201,1.189,1.258,1.154,1.148,1.205,1.245,1.242,1.323,1.342,1.334,1.406,1.1,,,
Aug-1995,1.17,1.161,1.218,1.123,1.12,1.164,1.213,1.213,1.285,1.311,1.306,1.368,1.105,,,
Sep-1995,1.158,1.148,1.203,1.111,1.108,1.147,1.2,1.2,1.268,1.298,1.292,1.356,1.119,,,
Oct-1995,1.134,1.122,1.192,1.087,1.082,1.132,1.175,1.173,1.257,1.273,1.264,1.345,1.115,,,
Nov-1995,1.109,1.098,1.165,1.062,1.058,1.104,1.151,1.148,1.234,1.247,1.241,1.312,1.12,,,
Dec-1995,1.118,1.105,1.167,1.071,1.066,1.11,1.161,1.155,1.234,1.255,1.246,1.313,1.13,,,
Jan-1996,1.137,1.123,1.184,1.09,1.084,1.129,1.179,1.172,1.249,1.276,1.265,1.332,1.145,,,
Feb-1996,1.136,1.121,1.187,1.089,1.082,1.129,1.179,1.171,1.255,1.274,1.262,1.334,1.145,,,
Mar-1996,1.183,1.169,1.227,1.137,1.129,1.171,1.225,1.218,1.292,1.32,1.309,1.369,1.183,,,
Apr-1996,1.275,1.259,1.339,1.231,1.22,1.277,1.316,1.308,1.408,1.411,1.397,1.474,1.275,,,
May-1996,1.324,1.302,1.422,1.279,1.263,1.353,1.363,1.352,1.49,1.462,1.443,1.553,1.273,,,
Jun-1996,1.3,1.282,1.403,1.256,1.243,1.346,1.338,1.331,1.475,1.437,1.422,1.539,1.201,,,
Jul-1996,1.272,1.254,1.359,1.227,1.215,1.302,1.311,1.304,1.431,1.409,1.393,1.498,1.176,,,
Aug-1996,1.251,1.238,1.314,1.207,1.199,1.259,1.29,1.287,1.386,1.386,1.377,1.455,1.201,,,
Sep-1996,1.247,1.238,1.288,1.202,1.2,1.236,1.286,1.287,1.357,1.38,1.375,1.43,1.265,,,
Oct-1996,1.249,1.243,1.275,1.204,1.204,1.225,1.29,1.292,1.342,1.384,1.381,1.417,1.323,,,
Nov-1996,1.278,1.273,1.276,1.232,1.235,1.229,1.321,1.322,1.336,1.413,1.414,1.42,1.323,,,
Dec-1996,1.282,1.273,1.295,1.235,1.233,1.246,1.326,1.322,1.352,1.418,1.415,1.44,1.309,,,
Jan-1997,1.283,1.27,1.314,1.236,1.231,1.263,1.326,1.321,1.372,1.419,1.413,1.456,1.291,,,
Feb-1997,1.276,1.263,1.317,1.23,1.224,1.266,1.318,1.313,1.378,1.413,1.406,1.458,1.28,,,
Mar-1997,1.251,1.237,1.306,1.205,1.197,1.252,1.293,1.288,1.374,1.389,1.38,1.446,1.229,,,
Apr-1997,1.244,1.228,1.311,1.199,1.188,1.256,1.284,1.278,1.384,1.381,1.369,1.449,1.212,,,
May-1997,1.245,1.229,1.303,1.2,1.191,1.248,1.284,1.277,1.374,1.378,1.367,1.439,1.196,,,
Jun-1997,1.242,1.227,1.292,1.198,1.189,1.238,1.282,1.274,1.363,1.373,1.363,1.432,1.173,,,
Jul-1997,1.22,1.206,1.261,1.174,1.167,1.208,1.262,1.255,1.333,1.354,1.344,1.404,1.151,,,
Aug-1997,1.268,1.25,1.321,1.224,1.213,1.268,1.307,1.296,1.39,1.401,1.388,1.462,1.165,,,
Sep-1997,1.276,1.254,1.364,1.231,1.216,1.307,1.314,1.302,1.436,1.411,1.394,1.503,1.16,,,
Oct-1997,1.242,1.222,1.334,1.197,1.182,1.274,1.281,1.271,1.41,1.379,1.363,1.475,1.183,,,
Nov-1997,1.216,1.198,1.3,1.171,1.158,1.243,1.254,1.247,1.376,1.354,1.341,1.441,1.192,,,
Dec-1997,1.177,1.159,1.261,1.131,1.119,1.207,1.216,1.209,1.337,1.316,1.303,1.402,1.166,,,
Jan-1998,1.132,1.115,1.213,1.086,1.075,1.161,1.172,1.166,1.288,1.273,1.261,1.355,1.12,,,
Feb-1998,1.096,1.082,1.157,1.049,1.042,1.105,1.138,1.133,1.229,1.237,1.228,1.299,1.084,,,
Mar-1998,1.064,1.055,1.098,1.017,1.014,1.046,1.109,1.107,1.169,1.203,1.199,1.242,1.063,,,
Apr-1998,1.077,1.064,1.114,1.03,1.024,1.067,1.12,1.116,1.182,1.216,1.209,1.253,1.067,,,
May-1998,1.105,1.088,1.165,1.064,1.049,1.114,1.152,1.138,1.232,1.244,1.23,1.298,1.069,,,
Jun-1998,1.103,1.086,1.165,1.064,1.048,1.11,1.155,1.133,1.228,1.241,1.224,1.302,1.041,,,
Jul-1998,1.094,1.078,1.153,1.055,1.039,1.098,1.146,1.124,1.217,1.234,1.216,1.293,1.029,,,
Aug-1998,1.065,1.049,1.128,1.026,1.011,1.071,1.119,1.097,1.194,1.207,1.188,1.273,1.007,,,
Sep-1998,1.049,1.033,1.113,1.009,0.994,1.054,1.103,1.081,1.179,1.193,1.174,1.259,1.024,,,
Oct-1998,1.059,1.045,1.115,1.019,1.006,1.057,1.113,1.094,1.181,1.204,1.188,1.26,1.039,,,
Nov-1998,1.036,1.02,1.105,0.995,0.979,1.045,1.093,1.071,1.173,1.183,1.164,1.252,1.022,,,
Dec-1998,0.987,0.964,1.081,0.945,0.923,1.016,1.046,1.016,1.152,1.137,1.11,1.232,0.973,,,
Jan-1999,0.98,0.957,1.07,0.939,0.917,1.008,1.038,1.009,1.141,1.128,1.101,1.22,0.967,,,
Feb-1999,0.962,0.94,1.047,0.921,0.9,0.984,1.02,0.993,1.119,1.112,1.086,1.199,0.959,,,
Mar-1999,1.022,1,1.107,0.982,0.961,1.043,1.081,1.051,1.181,1.166,1.141,1.247,0.997,,,
Apr-1999,1.171,1.137,1.305,1.131,1.099,1.228,1.23,1.186,1.392,1.31,1.272,1.434,1.079,,,
May-1999,1.171,1.143,1.282,1.131,1.103,1.212,1.229,1.194,1.359,1.314,1.282,1.419,1.073,,,
Jun-1999,1.154,1.134,1.235,1.114,1.095,1.17,1.211,1.186,1.305,1.297,1.274,1.374,1.074,,,
Jul-1999,1.197,1.177,1.28,1.158,1.138,1.214,1.253,1.227,1.35,1.337,1.316,1.414,1.122,,,
Aug-1999,1.26,1.237,1.356,1.221,1.199,1.285,1.317,1.287,1.429,1.401,1.376,1.489,1.172,,,
Sep-1999,1.295,1.279,1.362,1.256,1.239,1.301,1.352,1.331,1.429,1.437,1.419,1.5,1.215,,,
Oct-1999,1.285,1.271,1.352,1.244,1.23,1.29,1.343,1.324,1.416,1.431,1.415,1.496,1.228,,,
Nov-1999,1.292,1.28,1.346,1.251,1.24,1.287,1.35,1.334,1.409,1.436,1.424,1.487,1.263,,,
Dec-1999,1.313,1.302,1.368,1.273,1.261,1.308,1.37,1.355,1.432,1.458,1.445,1.509,1.292,,,
Jan-2000,1.329,1.319,1.373,1.289,1.279,1.317,1.385,1.371,1.435,1.471,1.46,1.514,1.356,,,
Feb-2000,1.415,1.409,1.441,1.377,1.371,1.391,1.468,1.458,1.501,1.552,1.545,1.575,1.461,,,
Mar-2000,1.556,1.538,1.634,1.516,1.498,1.57,1.611,1.588,1.701,1.696,1.677,1.763,1.479,,,
Apr-2000,1.506,1.476,1.621,1.465,1.437,1.551,1.564,1.529,1.692,1.651,1.62,1.755,1.422,,,
May-2000,1.526,1.496,1.611,1.487,1.456,1.562,1.581,1.545,1.673,1.667,1.637,1.741,1.42,,,
Jun-2000,1.666,1.645,1.695,1.633,1.612,1.667,1.709,1.684,1.744,1.789,1.768,1.82,1.421,,,
Jul-2000,1.591,1.568,1.681,1.551,1.529,1.616,1.644,1.616,1.744,1.735,1.711,1.821,1.434,,,
Aug-2000,1.506,1.48,1.619,1.465,1.439,1.543,1.563,1.53,1.686,1.653,1.624,1.766,1.466,,,
Sep-2000,1.588,1.562,1.691,1.55,1.525,1.619,1.64,1.607,1.761,1.725,1.696,1.824,1.637,,,
Oct-2000,1.571,1.546,1.674,1.532,1.508,1.6,1.624,1.591,1.745,1.71,1.682,1.81,1.637,,,
Nov-2000,1.557,1.533,1.653,1.517,1.495,1.583,1.611,1.58,1.722,1.697,1.672,1.79,1.621,,,
Dec-2000,1.483,1.458,1.59,1.443,1.418,1.516,1.537,1.504,1.662,1.628,1.599,1.736,1.565,,,
Jan-2001,1.487,1.467,1.561,1.447,1.427,1.5,1.541,1.516,1.626,1.63,1.609,1.703,1.524,,,
Feb-2001,1.49,1.471,1.565,1.45,1.431,1.5,1.544,1.52,1.632,1.635,1.614,1.707,1.492,,,
Mar-2001,1.45,1.423,1.555,1.409,1.384,1.483,1.506,1.473,1.629,1.596,1.566,1.695,1.399,,,
Apr-2001,1.591,1.557,1.677,1.552,1.517,1.629,1.646,1.607,1.742,1.732,1.698,1.816,1.422,,,
May-2001,1.738,1.689,1.846,1.702,1.654,1.806,1.785,1.73,1.905,1.869,1.819,1.983,1.496,,,
Jun-2001,1.658,1.586,1.803,1.616,1.548,1.758,1.712,1.63,1.873,1.801,1.726,1.947,1.482,,,
Jul-2001,1.466,1.381,1.633,1.421,1.34,1.582,1.529,1.434,1.712,1.622,1.532,1.79,1.375,,,
Aug-2001,1.461,1.422,1.537,1.421,1.386,1.491,1.51,1.463,1.601,1.601,1.555,1.686,1.39,,,
Sep-2001,1.557,1.539,1.593,1.522,1.506,1.552,1.6,1.572,1.655,1.682,1.659,1.724,1.495,,,
Oct-2001,1.357,1.312,1.445,1.315,1.274,1.4,1.409,1.356,1.511,1.499,1.452,1.586,1.348,,,
Nov-2001,1.212,1.177,1.281,1.171,1.139,1.235,1.265,1.223,1.347,1.357,1.319,1.426,1.259,,,
Dec-2001,1.127,1.111,1.158,1.086,1.072,1.114,1.179,1.158,1.218,1.271,1.254,1.303,1.167,,,
Jan-2002,1.148,1.134,1.177,1.107,1.094,1.134,1.199,1.18,1.236,1.292,1.278,1.318,1.153,,,
Feb-2002,1.155,1.129,1.206,1.114,1.09,1.162,1.208,1.176,1.27,1.297,1.272,1.344,1.152,,,
Mar-2002,1.289,1.259,1.349,1.249,1.221,1.307,1.343,1.305,1.415,1.427,1.398,1.481,1.23,,,
Apr-2002,1.439,1.402,1.512,1.397,1.362,1.469,1.494,1.451,1.578,1.582,1.547,1.649,1.309,,,
May-2002,1.434,1.394,1.514,1.392,1.353,1.47,1.49,1.443,1.578,1.58,1.539,1.655,1.305,,,
Jun-2002,1.424,1.38,1.509,1.382,1.341,1.466,1.478,1.428,1.573,1.567,1.524,1.647,1.286,,,
Jul-2002,1.438,1.402,1.508,1.397,1.364,1.463,1.492,1.449,1.574,1.58,1.543,1.647,1.299,,,
Aug-2002,1.438,1.398,1.517,1.396,1.358,1.471,1.491,1.444,1.582,1.583,1.541,1.66,1.328,,,
Sep-2002,1.441,1.403,1.517,1.4,1.363,1.472,1.494,1.449,1.582,1.586,1.547,1.66,1.411,,,
Oct-2002,1.486,1.466,1.526,1.445,1.427,1.483,1.537,1.512,1.585,1.629,1.608,1.668,1.462,,,
Nov-2002,1.461,1.424,1.533,1.419,1.385,1.487,1.513,1.47,1.595,1.607,1.569,1.678,1.42,,,
Dec-2002,1.429,1.389,1.508,1.386,1.348,1.461,1.484,1.437,1.573,1.58,1.537,1.66,1.429,,,
Jan-2003,1.5,1.464,1.571,1.458,1.424,1.525,1.555,1.513,1.634,1.65,1.612,1.718,1.488,,,
Feb-2003,1.655,1.622,1.72,1.613,1.582,1.676,1.709,1.669,1.784,1.798,1.765,1.859,1.654,,,
Mar-2003,1.734,1.675,1.852,1.693,1.636,1.809,1.792,1.722,1.928,1.875,1.817,1.983,1.708,,,
Apr-2003,1.633,1.557,1.783,1.589,1.517,1.736,1.694,1.606,1.862,1.78,1.704,1.922,1.533,,,
May-2003,1.539,1.477,1.664,1.497,1.438,1.618,1.595,1.521,1.737,1.686,1.62,1.808,1.451,,,
Jun-2003,1.533,1.489,1.624,1.493,1.452,1.579,1.586,1.532,1.693,1.674,1.627,1.761,1.424,,,
Jul-2003,1.554,1.519,1.627,1.513,1.48,1.581,1.609,1.565,1.696,1.697,1.661,1.766,1.435,,,
Aug-2003,1.661,1.625,1.732,1.62,1.588,1.688,1.714,1.67,1.799,1.799,1.763,1.867,1.487,,,
Sep-2003,1.721,1.654,1.856,1.679,1.616,1.81,1.777,1.7,1.927,1.865,1.795,1.995,1.467,,,
Oct-2003,1.606,1.551,1.718,1.564,1.513,1.67,1.66,1.596,1.784,1.753,1.693,1.866,1.481,,,
Nov-2003,1.555,1.512,1.641,1.512,1.474,1.593,1.608,1.558,1.706,1.702,1.654,1.79,1.482,,,
Dec-2003,1.522,1.488,1.591,1.479,1.448,1.543,1.577,1.536,1.655,1.673,1.636,1.741,1.49,,,
Jan-2004,1.614,1.595,1.654,1.572,1.555,1.608,1.667,1.643,1.716,1.763,1.743,1.8,1.551,,,
Feb-2004,1.69,1.654,1.763,1.648,1.615,1.718,1.744,1.701,1.828,1.837,1.803,1.901,1.582,,,
Mar-2004,1.778,1.728,1.881,1.736,1.689,1.835,1.836,1.775,1.954,1.923,1.874,2.014,1.629,,,
Apr-2004,1.839,1.794,1.93,1.798,1.756,1.886,1.895,1.841,2.002,1.979,1.935,2.06,1.692,,,
May-2004,2.023,1.981,2.108,1.983,1.945,2.064,2.075,2.023,2.174,2.159,2.116,2.24,1.746,,,
Jun-2004,2.013,1.95,2.14,1.969,1.91,2.093,2.069,1.997,2.208,2.162,2.098,2.282,1.711,,,
Jul-2004,1.954,1.902,2.06,1.911,1.863,2.012,2.009,1.948,2.127,2.104,2.049,2.206,1.739,,,
Aug-2004,1.92,1.88,2.002,1.878,1.842,1.955,1.974,1.925,2.069,2.067,2.023,2.149,1.833,,,
Sep-2004,1.912,1.88,1.979,1.87,1.841,1.931,1.967,1.926,2.046,2.059,2.025,2.124,1.917,,,
Oct-2004,2.042,1.993,2.14,2,1.954,2.095,2.098,2.04,2.21,2.187,2.14,2.274,2.134,,,
Nov-2004,2.023,1.973,2.126,1.979,1.932,2.079,2.082,2.023,2.198,2.175,2.125,2.266,2.147,,,
Dec-2004,1.887,1.843,1.978,1.841,1.8,1.928,1.947,1.894,2.048,2.046,2.001,2.129,2.009,,,
Jan-2005,1.875,1.852,1.921,1.831,1.811,1.873,1.93,1.901,1.985,2.029,2.006,2.073,1.959,,,
Feb-2005,1.953,1.927,2.006,1.91,1.886,1.959,2.008,1.973,2.074,2.101,2.076,2.146,2.027,,,
Mar-2005,2.12,2.102,2.159,2.079,2.063,2.115,2.174,2.147,2.225,2.263,2.247,2.292,2.214,,,
Apr-2005,2.285,2.251,2.354,2.243,2.211,2.31,2.342,2.299,2.425,2.429,2.399,2.486,2.292,,,
May-2005,2.205,2.155,2.306,2.161,2.114,2.259,2.262,2.203,2.376,2.357,2.308,2.448,2.199,,,
Jun-2005,2.198,2.162,2.272,2.156,2.123,2.225,2.251,2.208,2.336,2.347,2.31,2.417,2.29,,,
Jul-2005,2.333,2.287,2.427,2.29,2.247,2.38,2.385,2.331,2.49,2.483,2.435,2.572,2.373,,,
Aug-2005,2.529,2.489,2.61,2.486,2.449,2.564,2.58,2.532,2.672,2.679,2.639,2.754,2.5,,,
Sep-2005,2.951,2.907,3.042,2.903,2.862,2.991,3.007,2.959,3.1,3.121,3.074,3.208,2.819,,,
Oct-2005,2.765,2.736,2.824,2.717,2.689,2.775,2.827,2.795,2.89,2.934,2.91,2.979,3.095,,,
Nov-2005,2.303,2.265,2.38,2.257,2.222,2.331,2.363,2.318,2.451,2.465,2.43,2.531,2.573,,,
Dec-2005,2.229,2.216,2.256,2.185,2.174,2.209,2.282,2.263,2.318,2.383,2.369,2.409,2.443,,,
Jan-2006,2.36,2.343,2.397,2.316,2.3,2.348,2.413,2.391,2.454,2.522,2.506,2.551,2.467,,,
Feb-2006,2.326,2.293,2.393,2.28,2.249,2.345,2.383,2.343,2.461,2.485,2.453,2.544,2.475,,,
Mar-2006,2.468,2.454,2.496,2.425,2.413,2.451,2.521,2.501,2.56,2.618,2.607,2.639,2.559,,,
Apr-2006,2.787,2.762,2.837,2.742,2.719,2.791,2.84,2.809,2.898,2.944,2.923,2.983,2.728,,,
May-2006,2.953,2.873,3.115,2.907,2.831,3.066,3.012,2.921,3.189,3.113,3.03,3.267,2.897,,,
Jun-2006,2.93,2.849,3.094,2.885,2.808,3.044,2.988,2.897,3.165,3.088,3.002,3.249,2.898,,,
Jul-2006,3.025,2.964,3.15,2.981,2.923,3.101,3.081,3.013,3.215,3.181,3.115,3.304,2.934,,,
Aug-2006,2.999,2.952,3.094,2.952,2.91,3.04,3.056,2.999,3.167,3.163,3.111,3.261,3.045,,,
Sep-2006,2.606,2.548,2.725,2.555,2.501,2.669,2.674,2.604,2.809,2.783,2.724,2.895,2.783,,,
Oct-2006,2.293,2.258,2.363,2.245,2.214,2.309,2.355,2.308,2.445,2.458,2.422,2.526,2.519,,,
Nov-2006,2.275,2.254,2.32,2.229,2.211,2.267,2.336,2.303,2.399,2.436,2.412,2.479,2.545,,,
Dec-2006,2.359,2.328,2.423,2.313,2.284,2.372,2.417,2.377,2.494,2.52,2.489,2.578,2.61,,,
Jan-2007,2.289,2.237,2.396,2.24,2.191,2.343,2.354,2.292,2.474,2.459,2.406,2.556,2.485,,,
Feb-2007,2.323,2.276,2.418,2.278,2.235,2.369,2.385,2.325,2.5,2.479,2.431,2.567,2.488,2.513,2.435,
Mar-2007,2.609,2.546,2.738,2.563,2.503,2.689,2.67,2.593,2.82,2.766,2.706,2.877,2.667,2.68,2.63,
Apr-2007,2.891,2.831,3.013,2.845,2.787,2.965,2.953,2.881,3.093,3.052,2.996,3.155,2.834,2.847,2.79,
May-2007,3.187,3.157,3.248,3.146,3.119,3.202,3.241,3.199,3.321,3.331,3.3,3.389,2.796,2.818,2.726,
Jun-2007,3.102,3.067,3.173,3.056,3.024,3.122,3.161,3.118,3.247,3.263,3.227,3.33,2.808,2.826,2.746,
Jul-2007,3.011,2.989,3.055,2.965,2.947,3.001,3.067,3.034,3.13,3.172,3.145,3.223,2.868,2.881,2.816,
Aug-2007,2.834,2.821,2.862,2.786,2.777,2.806,2.892,2.867,2.941,3.004,2.986,3.038,2.869,2.881,2.821,
Sep-2007,2.849,2.858,2.83,2.803,2.817,2.776,2.903,2.901,2.906,3.011,3.018,2.998,2.953,2.961,2.923,
Oct-2007,2.853,2.838,2.884,2.803,2.791,2.828,2.918,2.891,2.97,3.028,3.015,3.051,3.075,3.087,3.019,
Nov-2007,3.128,3.11,3.166,3.08,3.064,3.112,3.188,3.158,3.247,3.297,3.281,3.328,3.396,3.409,3.335,
Dec-2007,3.07,3.032,3.148,3.018,2.984,3.092,3.136,3.088,3.229,3.252,3.215,3.319,3.341,3.356,3.251,
Jan-2008,3.095,3.068,3.15,3.043,3.018,3.094,3.16,3.124,3.229,3.277,3.252,3.324,3.308,3.322,3.218,
Feb-2008,3.078,3.064,3.107,3.028,3.016,3.051,3.141,3.118,3.186,3.256,3.242,3.281,3.377,3.386,3.314,
Mar-2008,3.293,3.263,3.356,3.244,3.215,3.304,3.358,3.317,3.439,3.465,3.439,3.514,3.881,3.889,3.822,
Apr-2008,3.507,3.468,3.588,3.458,3.421,3.537,3.571,3.521,3.667,3.679,3.647,3.739,4.084,4.094,4.007,
May-2008,3.815,3.783,3.882,3.766,3.735,3.83,3.874,3.834,3.952,3.991,3.963,4.043,4.425,4.434,4.355,
Jun-2008,4.105,4.038,4.243,4.054,3.989,4.19,4.169,4.087,4.327,4.284,4.222,4.4,4.677,4.687,4.592,
Jul-2008,4.114,4.051,4.243,4.062,4.002,4.187,4.181,4.104,4.332,4.298,4.238,4.41,4.703,4.712,4.631,
Aug-2008,3.833,3.789,3.921,3.779,3.74,3.86,3.902,3.842,4.017,4.022,3.975,4.107,4.302,4.315,4.194,
Sep-2008,3.756,3.76,3.747,3.703,3.709,3.687,3.823,3.817,3.833,3.944,3.952,3.932,4.024,4.036,3.931,
Oct-2008,3.112,3.065,3.207,3.051,3.01,3.14,3.192,3.13,3.313,3.321,3.274,3.407,3.576,3.589,3.472,
Nov-2008,2.208,2.153,2.319,2.147,2.099,2.248,2.287,2.215,2.425,2.418,2.356,2.533,2.876,2.889,2.773,
Dec-2008,1.745,1.721,1.793,1.687,1.669,1.726,1.817,1.781,1.887,1.946,1.915,2.004,2.449,2.457,,
Jan-2009,1.84,1.821,1.88,1.788,1.772,1.822,1.904,1.872,1.965,2.021,2.002,2.056,2.292,2.302,,
Feb-2009,1.975,1.942,2.044,1.923,1.892,1.988,2.042,1.997,2.128,2.16,2.13,2.215,2.195,2.205,,
Mar-2009,2.011,1.987,2.06,1.959,1.937,2.003,2.078,2.044,2.146,2.194,2.173,2.232,2.092,2.097,,
Apr-2009,2.102,2.071,2.165,2.049,2.021,2.109,2.171,2.129,2.251,2.284,2.256,2.335,2.22,2.225,,
May-2009,2.316,2.289,2.373,2.266,2.24,2.319,2.38,2.344,2.45,2.494,2.472,2.536,2.227,2.233,,
Jun-2009,2.681,2.645,2.755,2.631,2.597,2.702,2.743,2.696,2.834,2.857,2.827,2.915,2.529,2.532,,
Jul-2009,2.582,2.53,2.686,2.527,2.478,2.628,2.652,2.588,2.776,2.773,2.725,2.863,2.54,2.544,,
Aug-2009,2.67,2.613,2.786,2.616,2.562,2.73,2.739,2.668,2.875,2.856,2.802,2.955,2.634,2.638,,
Sep-2009,2.609,2.53,2.769,2.554,2.48,2.71,2.682,2.583,2.872,2.796,2.719,2.939,2.626,2.63,,
Oct-2009,2.605,2.549,2.718,2.551,2.5,2.66,2.675,2.603,2.815,2.789,2.735,2.887,2.672,2.676,,
Nov-2009,2.706,2.665,2.788,2.651,2.614,2.73,2.774,2.722,2.876,2.895,2.858,2.963,2.792,2.797,,
Dec-2009,2.663,2.62,2.75,2.607,2.568,2.69,2.734,2.68,2.84,2.856,2.816,2.929,2.745,2.749,,
Jan-2010,2.769,2.73,2.848,2.715,2.678,2.792,2.837,2.787,2.933,2.957,2.924,3.018,2.845,2.849,,
Feb-2010,2.699,2.657,2.787,2.644,2.603,2.729,2.77,2.716,2.876,2.893,2.855,2.965,2.785,2.789,,
Mar-2010,2.824,2.793,2.888,2.772,2.742,2.834,2.892,2.851,2.973,3.008,2.983,3.053,2.915,2.918,,
Apr-2010,2.9,2.867,2.966,2.848,2.818,2.913,2.963,2.921,3.044,3.08,3.054,3.128,3.059,3.063,,
May-2010,2.89,2.847,2.979,2.836,2.795,2.922,2.958,2.904,3.061,3.079,3.04,3.152,3.069,3.073,,
Jun-2010,2.785,2.733,2.891,2.732,2.684,2.832,2.852,2.784,2.983,2.973,2.922,3.069,2.948,2.95,,
Jul-2010,2.782,2.728,2.89,2.729,2.679,2.832,2.849,2.778,2.985,2.965,2.912,3.064,2.911,2.912,,
Aug-2010,2.783,2.733,2.886,2.73,2.683,2.828,2.853,2.787,2.982,2.968,2.919,3.058,2.959,2.959,,
Sep-2010,2.757,2.727,2.82,2.705,2.678,2.761,2.825,2.78,2.914,2.938,2.908,2.996,2.946,2.946,,
Oct-2010,2.853,2.816,2.928,2.801,2.766,2.872,2.919,2.87,3.013,3.037,3.004,3.099,3.052,3.052,,
Nov-2010,2.913,2.866,3.009,2.859,2.815,2.952,2.979,2.921,3.093,3.103,3.059,3.185,3.14,3.14,,
Dec-2010,3.048,3.004,3.138,2.993,2.951,3.082,3.114,3.061,3.216,3.24,3.203,3.311,3.243,3.243,,
Jan-2011,3.148,3.109,3.228,3.095,3.058,3.173,3.212,3.164,3.305,3.338,3.305,3.399,3.388,3.388,,
Feb-2011,3.264,3.219,3.356,3.211,3.168,3.301,3.33,3.276,3.436,3.45,3.413,3.521,3.584,3.584,,
Mar-2011,3.615,3.561,3.725,3.561,3.509,3.671,3.683,3.617,3.811,3.802,3.758,3.885,3.905,3.905,,
Apr-2011,3.852,3.796,3.967,3.8,3.746,3.914,3.916,3.846,4.05,4.036,3.988,4.126,4.064,4.064,,
May-2011,3.96,3.9,4.082,3.906,3.849,4.025,4.025,3.953,4.164,4.15,4.092,4.256,4.047,4.047,,
Jun-2011,3.735,3.678,3.851,3.68,3.628,3.789,3.799,3.728,3.937,3.929,3.869,4.039,3.933,3.933,,
Jul-2011,3.705,3.665,3.786,3.65,3.614,3.726,3.768,3.717,3.864,3.9,3.86,3.974,3.905,3.905,,
Aug-2011,3.696,3.664,3.759,3.639,3.612,3.698,3.76,3.718,3.84,3.894,3.862,3.952,3.86,3.86,,
Sep-2011,3.667,3.624,3.755,3.611,3.573,3.693,3.735,3.677,3.847,3.86,3.816,3.942,3.837,3.837,,
Oct-2011,3.506,3.454,3.612,3.448,3.4,3.549,3.581,3.513,3.712,3.708,3.657,3.803,3.798,3.798,,
Nov-2011,3.443,3.385,3.562,3.384,3.33,3.497,3.52,3.445,3.664,3.649,3.593,3.754,3.962,3.962,,
Dec-2011,3.326,3.277,3.425,3.266,3.22,3.361,3.401,3.337,3.524,3.536,3.49,3.62,3.861,3.861,,
Jan-2012,3.44,3.388,3.546,3.38,3.33,3.486,3.512,3.448,3.636,3.651,3.609,3.729,3.833,3.833,,
Feb-2012,3.64,3.576,3.77,3.579,3.517,3.711,3.714,3.639,3.86,3.851,3.799,3.947,3.953,3.953,,
Mar-2012,3.907,3.827,4.071,3.852,3.774,4.017,3.977,3.881,4.163,4.101,4.032,4.229,4.127,4.127,,
Apr-2012,3.958,3.893,4.09,3.9,3.837,4.032,4.028,3.951,4.177,4.162,4.106,4.267,4.115,4.115,,
May-2012,3.791,3.698,3.982,3.732,3.643,3.919,3.868,3.755,4.089,3.995,3.901,4.168,3.979,3.979,,
Jun-2012,3.596,3.515,3.76,3.539,3.465,3.695,3.671,3.567,3.87,3.793,3.708,3.951,3.759,3.759,,
Jul-2012,3.498,3.433,3.63,3.439,3.379,3.565,3.569,3.489,3.722,3.705,3.639,3.829,3.721,3.721,,
Aug-2012,3.78,3.724,3.895,3.722,3.668,3.834,3.849,3.78,3.983,3.989,3.939,4.082,3.983,3.983,,
Sep-2012,3.91,3.859,4.013,3.849,3.801,3.949,3.984,3.922,4.103,4.124,4.076,4.212,4.12,4.12,,
Oct-2012,3.812,3.714,4.011,3.746,3.653,3.939,3.901,3.783,4.13,4.041,3.944,4.219,4.094,4.094,,
Nov-2012,3.521,3.444,3.678,3.452,3.38,3.603,3.605,3.513,3.785,3.764,3.685,3.909,4,4,,
Dec-2012,3.381,3.322,3.5,3.31,3.256,3.424,3.466,3.396,3.603,3.627,3.567,3.739,3.961,3.961,,
Jan-2013,3.391,3.324,3.527,3.319,3.255,3.452,3.479,3.399,3.632,3.644,3.583,3.759,3.909,3.909,,
Feb-2013,3.736,3.668,3.874,3.67,3.605,3.807,3.816,3.735,3.974,3.969,3.91,4.08,4.111,4.111,,
Mar-2013,3.779,3.713,3.913,3.711,3.648,3.845,3.863,3.784,4.016,4.016,3.96,4.118,4.068,4.068,,
Apr-2013,3.638,3.566,3.784,3.57,3.501,3.714,3.723,3.636,3.891,3.876,3.812,3.994,3.93,3.93,,
May-2013,3.675,3.621,3.786,3.615,3.565,3.72,3.75,3.679,3.889,3.888,3.836,3.984,3.87,3.87,,
Jun-2013,3.689,3.634,3.799,3.626,3.576,3.731,3.763,3.69,3.904,3.909,3.858,4.003,3.849,3.849,,
Jul-2013,3.661,3.582,3.821,3.591,3.515,3.751,3.746,3.654,3.924,3.904,3.835,4.033,3.866,3.866,,
Aug-2013,3.645,3.583,3.771,3.574,3.515,3.697,3.729,3.654,3.873,3.896,3.841,3.998,3.905,3.905,,
Sep-2013,3.604,3.542,3.731,3.532,3.474,3.656,3.692,3.616,3.841,3.855,3.8,3.957,3.961,3.961,,
Oct-2013,3.42,3.358,3.547,3.344,3.285,3.468,3.517,3.44,3.667,3.684,3.629,3.786,3.885,3.885,,
Nov-2013,3.322,3.263,3.441,3.243,3.186,3.362,3.423,3.354,3.556,3.597,3.55,3.685,3.839,3.839,,
Dec-2013,3.357,3.288,3.497,3.276,3.209,3.418,3.457,3.38,3.607,3.637,3.579,3.745,3.882,3.882,,
Jan-2014,3.392,3.331,3.517,3.313,3.252,3.438,3.492,3.422,3.628,3.671,3.623,3.76,3.893,3.893,,
Feb-2014,3.434,3.382,3.541,3.356,3.305,3.464,3.533,3.471,3.652,3.707,3.667,3.78,3.984,3.984,,
Mar-2014,3.606,3.546,3.728,3.533,3.474,3.658,3.698,3.628,3.835,3.86,3.814,3.944,4.001,4.001,,
Apr-2014,3.735,3.665,3.878,3.661,3.59,3.809,3.834,3.755,3.988,3.991,3.942,4.083,3.964,3.964,,
May-2014,3.75,3.678,3.897,3.673,3.601,3.824,3.852,3.771,4.009,4.017,3.966,4.111,3.943,3.943,,
Jun-2014,3.766,3.699,3.902,3.692,3.626,3.831,3.861,3.785,4.008,4.024,3.974,4.117,3.906,3.906,,
Jul-2014,3.688,3.615,3.838,3.611,3.539,3.763,3.789,3.706,3.951,3.955,3.895,4.067,3.884,3.884,,
Aug-2014,3.565,3.501,3.694,3.487,3.425,3.616,3.668,3.594,3.812,3.833,3.782,3.929,3.838,3.838,,
Sep-2014,3.484,3.431,3.593,3.406,3.354,3.516,3.586,3.523,3.707,3.755,3.717,3.826,3.792,3.792,,
Oct-2014,3.255,3.202,3.362,3.171,3.12,3.277,3.366,3.303,3.489,3.543,3.502,3.619,3.681,3.681,,
Nov-2014,2.997,2.957,3.079,2.912,2.875,2.99,3.107,3.055,3.208,3.29,3.258,3.35,3.647,3.647,,
Dec-2014,2.632,2.575,2.75,2.543,2.488,2.657,2.752,2.683,2.885,2.943,2.893,3.035,3.411,3.411,,
Jan-2015,2.208,2.136,2.354,2.116,2.046,2.262,2.331,2.248,2.492,2.525,2.467,2.635,2.997,2.997,,
Feb-2015,2.301,2.235,2.435,2.216,2.152,2.351,2.412,2.333,2.565,2.594,2.545,2.686,2.858,2.858,,
Mar-2015,2.546,2.433,2.777,2.464,2.352,2.697,2.662,2.528,2.92,2.829,2.734,3.006,2.897,2.897,,
Apr-2015,2.555,2.454,2.76,2.469,2.369,2.679,2.674,2.559,2.896,2.845,2.765,2.994,2.782,2.782,,
May-2015,2.802,2.661,3.091,2.718,2.578,3.014,2.924,2.764,3.233,3.087,2.967,3.31,2.888,2.888,,
Jun-2015,2.885,2.783,3.093,2.802,2.7,3.014,2.997,2.881,3.22,3.17,3.087,3.325,2.873,2.873,,
Jul-2015,2.88,2.75,3.145,2.794,2.666,3.061,3.002,2.85,3.295,3.172,3.058,3.384,2.788,2.788,,
Aug-2015,2.726,2.608,2.965,2.636,2.522,2.876,2.855,2.715,3.124,3.03,2.928,3.222,2.595,2.595,,
Sep-2015,2.462,2.369,2.652,2.365,2.275,2.555,2.595,2.482,2.815,2.79,2.713,2.934,2.505,2.505,,
Oct-2015,2.387,2.325,2.513,2.29,2.23,2.414,2.518,2.439,2.671,2.718,2.673,2.804,2.519,2.519,,
Nov-2015,2.26,2.188,2.407,2.158,2.088,2.304,2.398,2.311,2.567,2.611,2.556,2.714,2.467,2.467,,
Dec-2015,2.144,2.052,2.333,2.038,1.946,2.23,2.29,2.185,2.495,2.509,2.439,2.641,2.31,2.31,,
Jan-2016,2.057,1.949,2.275,1.949,1.843,2.17,2.207,2.084,2.445,2.424,2.339,2.582,2.143,2.143,,
Feb-2016,1.872,1.788,2.042,1.764,1.681,1.936,2.021,1.924,2.209,2.242,2.179,2.361,1.998,1.998,,
Mar-2016,2.071,1.996,2.223,1.969,1.895,2.124,2.21,2.123,2.378,2.421,2.368,2.52,2.09,2.09,,
Apr-2016,2.216,2.129,2.39,2.113,2.027,2.293,2.355,2.259,2.542,2.566,2.503,2.683,2.152,2.152,,
May-2016,2.371,2.303,2.509,2.268,2.199,2.413,2.51,2.437,2.652,2.724,2.681,2.804,2.315,2.315,,
Jun-2016,2.467,2.405,2.593,2.366,2.303,2.497,2.603,2.534,2.735,2.816,2.78,2.882,2.423,2.423,,
Jul-2016,2.345,2.263,2.512,2.239,2.157,2.411,2.488,2.395,2.666,2.708,2.652,2.815,2.405,2.405,,
Aug-2016,2.284,2.226,2.402,2.178,2.119,2.3,2.427,2.36,2.555,2.649,2.616,2.71,2.351,2.351,,
Sep-2016,2.327,2.27,2.442,2.219,2.161,2.339,2.472,2.406,2.599,2.698,2.668,2.755,2.394,2.394,,
Oct-2016,2.359,2.297,2.485,2.249,2.186,2.382,2.509,2.441,2.641,2.734,2.7,2.797,2.454,2.454,,
Nov-2016,2.295,2.219,2.451,2.182,2.105,2.343,2.45,2.367,2.609,2.685,2.633,2.781,2.439,2.439,,
Dec-2016,2.366,2.304,2.491,2.254,2.192,2.385,2.512,2.447,2.637,2.751,2.714,2.82,2.51,2.51,,
Jan-2017,2.458,2.396,2.587,2.349,2.285,2.482,2.599,2.531,2.731,2.839,2.799,2.913,2.58,2.58,,
Feb-2017,2.416,2.339,2.574,2.304,2.227,2.467,2.565,2.48,2.73,2.8,2.748,2.899,2.568,2.568,,
Mar-2017,2.437,2.355,2.605,2.325,2.243,2.498,2.59,2.497,2.769,2.819,2.763,2.925,2.554,2.554,,
Apr-2017,2.528,2.452,2.682,2.417,2.34,2.579,2.676,2.595,2.833,2.907,2.859,2.996,2.583,2.583,,
May-2017,2.503,2.415,2.681,2.391,2.303,2.577,2.654,2.559,2.839,2.885,2.824,3,2.56,2.56,,
Jun-2017,2.46,2.37,2.643,2.347,2.257,2.536,2.617,2.519,2.807,2.849,2.784,2.969,2.511,2.511,,
Jul-2017,2.414,2.326,2.594,2.3,2.211,2.486,2.572,2.478,2.754,2.805,2.744,2.918,2.496,2.496,,
Aug-2017,2.494,2.412,2.662,2.38,2.297,2.557,2.649,2.561,2.82,2.884,2.832,2.98,2.595,2.595,,
Sep-2017,2.761,2.689,2.907,2.645,2.57,2.802,2.916,2.843,3.057,3.161,3.123,3.231,2.785,2.785,,
Oct-2017,2.621,2.548,2.769,2.505,2.43,2.663,2.779,2.702,2.928,3.019,2.98,3.092,2.794,2.794,,
Nov-2017,2.678,2.59,2.856,2.564,2.474,2.751,2.837,2.743,3.019,3.067,3.011,3.171,2.909,2.909,,
Dec-2017,2.594,2.507,2.77,2.477,2.388,2.663,2.755,2.662,2.935,2.992,2.937,3.096,2.909,2.909,,
Jan-2018,2.671,2.585,2.846,2.555,2.467,2.738,2.832,2.739,3.011,3.07,3.014,3.172,3.018,3.018,,
Feb-2018,2.705,2.607,2.904,2.587,2.488,2.795,2.869,2.761,3.077,3.106,3.04,3.229,3.046,3.046,,
Mar-2018,2.709,2.607,2.917,2.591,2.488,2.808,2.874,2.76,3.095,3.109,3.039,3.24,2.988,2.988,,
Apr-2018,2.873,2.77,3.083,2.757,2.652,2.978,3.035,2.923,3.251,3.268,3.199,3.395,3.096,3.096,,
May-2018,2.987,2.882,3.192,2.901,2.808,3.096,3.221,3.091,3.42,3.46,3.363,3.584,3.244,3.244,,
Jun-2018,2.97,2.863,3.174,2.891,2.802,3.078,3.241,3.104,3.434,3.48,3.372,3.605,3.253,3.253,,
Jul-2018,2.928,2.833,3.113,2.849,2.77,3.015,3.196,3.075,3.371,3.441,3.348,3.549,3.233,3.233,,
Aug-2018,2.914,2.83,3.08,2.836,2.768,2.983,3.181,3.073,3.336,3.421,3.344,3.511,3.218,3.218,,
Sep-2018,2.915,2.832,3.079,2.836,2.769,2.979,3.187,3.079,3.342,3.428,3.349,3.521,3.262,3.262,,
Oct-2018,2.943,2.849,3.123,2.86,2.785,3.017,3.23,3.102,3.411,3.472,3.372,3.587,3.365,3.365,,
Nov-2018,2.736,2.63,2.94,2.647,2.561,2.829,3.055,2.915,3.253,3.294,3.185,3.42,3.3,3.3,,
Dec-2018,2.457,2.334,2.693,2.366,2.263,2.581,2.793,2.638,3.01,3.03,2.9,3.178,3.123,3.123,,
Jan-2019,2.338,2.214,2.575,2.248,2.145,2.464,2.658,2.498,2.884,2.904,2.768,3.06,2.98,2.98,,
Feb-2019,2.393,2.286,2.603,2.309,2.223,2.495,2.682,2.531,2.898,2.936,2.814,3.077,2.997,2.997,,
Mar-2019,2.594,2.503,2.774,2.516,2.443,2.673,2.854,2.72,3.045,3.107,3.006,3.223,3.076,3.076,,
Apr-2019,2.881,2.755,3.131,2.798,2.694,3.023,3.165,2.98,3.434,3.417,3.264,3.597,3.121,3.121,,
May-2019,2.946,2.796,3.243,2.859,2.731,3.136,3.25,3.051,3.542,3.505,3.328,3.713,3.161,3.161,,
Jun-2019,2.804,2.668,3.071,2.716,2.601,2.963,3.115,2.937,3.375,3.364,3.214,3.541,3.089,3.089,,
Jul-2019,2.823,2.705,3.057,2.74,2.64,2.954,3.11,2.951,3.342,3.362,3.232,3.513,3.045,3.045,,
Aug-2019,2.707,2.587,2.943,2.621,2.521,2.836,3.005,2.844,3.24,3.261,3.132,3.412,3.005,3.005,,
Sep-2019,2.681,2.556,2.928,2.592,2.489,2.814,2.998,2.819,3.256,3.251,3.104,3.423,3.016,3.016,,
Oct-2019,2.724,2.567,3.034,2.627,2.497,2.907,3.079,2.846,3.418,3.335,3.13,3.574,3.053,3.053,,
Nov-2019,2.693,2.55,2.976,2.598,2.48,2.853,3.046,2.843,3.342,3.297,3.121,3.502,3.069,3.069,,
Dec-2019,2.645,2.538,2.859,2.555,2.469,2.744,2.969,2.823,3.186,3.217,3.096,3.359,3.055,3.055,,
Jan-2020,2.636,2.527,2.85,2.548,2.459,2.74,2.947,2.801,3.16,3.192,3.077,3.327,3.048,3.048,,
Feb-2020,2.533,2.418,2.76,2.442,2.348,2.645,2.856,2.696,3.091,3.108,2.982,3.257,2.91,2.91,,
Mar-2020,2.329,2.199,2.585,2.234,2.126,2.468,2.676,2.503,2.927,2.924,2.789,3.08,2.729,2.729,,
Apr-2020,1.938,1.797,2.214,1.841,1.721,2.096,2.302,2.126,2.558,2.549,2.403,2.717,2.493,2.493,,
May-2020,1.961,1.839,2.199,1.87,1.769,2.084,2.282,2.115,2.522,2.542,2.408,2.697,2.392,2.392,,
Jun-2020,2.17,2.065,2.375,2.082,1.998,2.263,2.479,2.336,2.686,2.731,2.617,2.863,2.408,2.408,,
Jul-2020,2.272,2.168,2.476,2.183,2.099,2.365,2.582,2.443,2.783,2.834,2.727,2.959,2.434,2.434,,
Aug-2020,2.272,2.163,2.487,2.182,2.093,2.374,2.593,2.448,2.805,2.842,2.728,2.975,2.429,2.429,,
Sep-2020,2.274,2.165,2.489,2.183,2.095,2.375,2.597,2.451,2.815,2.848,2.733,2.985,2.414,2.414,,
Oct-2020,2.248,2.143,2.46,2.158,2.073,2.344,2.572,2.425,2.79,2.822,2.707,2.961,2.389,2.389,,
Nov-2020,2.2,2.086,2.428,2.108,2.015,2.312,2.529,2.372,2.764,2.782,2.655,2.936,2.432,2.432,,
Dec-2020,2.284,2.174,2.5,2.195,2.105,2.387,2.596,2.442,2.825,2.85,2.727,2.997,2.585,2.585,,
Jan-2021,2.42,2.31,2.638,2.334,2.244,2.527,2.719,2.563,2.951,2.975,2.849,3.125,2.681,2.681,,
Feb-2021,2.587,2.477,2.806,2.501,2.412,2.694,2.884,2.726,3.121,3.14,3.011,3.294,2.847,2.847,,
Mar-2021,2.898,2.792,3.11,2.81,2.725,2.997,3.198,3.049,3.425,3.454,3.331,3.601,3.152,3.152,,
Apr-2021,2.948,2.839,3.165,2.858,2.771,3.048,3.267,3.11,3.501,3.519,3.393,3.667,3.13,3.13,,
May-2021,3.076,2.954,3.318,2.985,2.885,3.202,3.402,3.232,3.654,3.652,3.512,3.816,3.217,3.217,,
Jun-2021,3.157,3.035,3.4,3.064,2.964,3.281,3.491,3.325,3.741,3.744,3.604,3.911,3.287,3.287,,
Jul-2021,3.231,3.117,3.458,3.136,3.044,3.339,3.577,3.425,3.805,3.823,3.699,3.972,3.339,3.339,,
Aug-2021,3.255,3.138,3.491,3.158,3.062,3.368,3.613,3.46,3.843,3.865,3.736,4.018,3.35,3.35,,
Sep-2021,3.272,3.156,3.504,3.175,3.081,3.382,3.626,3.474,3.853,3.877,3.75,4.027,3.384,3.384,,
Oct-2021,3.384,3.266,3.624,3.291,3.193,3.506,3.723,3.567,3.962,3.979,3.846,4.14,3.612,3.612,,
Nov-2021,3.491,3.347,3.779,3.395,3.275,3.659,3.836,3.645,4.124,4.098,3.927,4.304,3.727,3.727,,
Dec-2021,3.406,3.243,3.733,3.307,3.168,3.608,3.771,3.551,4.101,4.034,3.839,4.266,3.641,3.641,,
Jan-2022,3.413,3.26,3.72,3.315,3.187,3.595,3.766,3.554,4.085,4.036,3.85,4.258,3.724,3.724,,
Feb-2022,3.611,3.469,3.894,3.517,3.4,3.773,3.939,3.737,4.24,4.21,4.036,4.417,4.032,4.032,,
Mar-2022,4.322,4.15,4.665,4.222,4.078,4.535,4.681,4.435,5.05,4.953,4.733,5.217,5.105,5.105,,
Apr-2022,4.213,4.036,4.569,4.109,3.96,4.435,4.598,4.345,4.982,4.871,4.645,5.146,5.12,5.12,,
,,,,,,,,,,,,,,,,
